{
  "n_nodes": 6355,
  "T_board_avg_C": 71.60391764821419,
  "T_board_max_C": 75.37266985832439,
  "T_board_min_C": 69.6496052364193,
  "Tj_U2_LDO_C": 69.8378055925565,
  "Tj_U1_MCU_C": 74.23342093832318,
  "Tj_U6_eFuse_C": 73.1780449882335,
  "Tj_Q2_PFET_C": 72.12185526148807,
  "validation_ldo": "PASS",
  "validation_mcu": "PASS"
}